,family,age,speaker,perplexity,entropy,corpus
0,Providence_Alex,16.9,Adult,6.420713668811419,1.8595292748899452,Providence
1,Providence_Alex,16.9,Target_Child,127.34780245682488,4.846921945342736,Providence
2,Providence_Alex,17.4,Adult,7.350174698707619,1.994724081473927,Providence
3,Providence_Alex,17.4,Target_Child,344.3787790271155,5.84174215342843,Providence
4,Providence_Alex,17.866666666666667,Adult,7.6158147600755735,2.0302269747241994,Providence
5,Providence_Alex,17.866666666666667,Target_Child,245.5427528193957,5.50347107797679,Providence
6,Providence_Alex,18.466666666666665,Adult,5.922870924262426,1.7788212847667135,Providence
7,Providence_Alex,18.466666666666665,Target_Child,221.4328577700027,5.4001194183416015,Providence
8,Providence_Alex,19.233333333333334,Adult,7.273381475804588,1.9842213107531204,Providence
9,Providence_Alex,19.233333333333334,Target_Child,318.6235420021841,5.764010286780542,Providence
10,Providence_Alex,19.866666666666667,Adult,6.561452739759675,1.8812120326702866,Providence
11,Providence_Alex,19.866666666666667,Target_Child,198.4373749669982,5.290473558999244,Providence
12,Providence_Alex,20.366666666666667,Adult,6.573246521629453,1.8830078537705077,Providence
13,Providence_Alex,20.366666666666667,Target_Child,238.60465704081966,5.474808027666212,Providence
14,Providence_Alex,20.833333333333332,Adult,6.822358052300902,1.9202051675650633,Providence
15,Providence_Alex,20.833333333333332,Target_Child,252.46901373078273,5.531288523287067,Providence
16,Providence_Alex,21.266666666666666,Adult,7.2261538492552395,1.9777069235665024,Providence
17,Providence_Alex,21.266666666666666,Target_Child,292.1664070018471,5.677323526936985,Providence
18,Providence_Alex,21.733333333333334,Adult,7.006132473539695,1.9467858331805572,Providence
19,Providence_Alex,21.733333333333334,Target_Child,277.62806816307824,5.626282333618912,Providence
20,Providence_Alex,22.2,Adult,7.606425311333374,2.0289933258145827,Providence
21,Providence_Alex,22.2,Target_Child,284.55649595550057,5.650931813660463,Providence
22,Providence_Alex,22.8,Adult,7.873600973851018,2.063515514815179,Providence
23,Providence_Alex,22.8,Target_Child,222.86030109538854,5.406545122669725,Providence
24,Providence_Alex,23.1,Adult,7.817565854795402,2.0563732343368146,Providence
25,Providence_Alex,23.1,Target_Child,294.6389671283097,5.685750766592753,Providence
26,Providence_Alex,23.566666666666666,Adult,8.234923832418323,2.1083841143358666,Providence
27,Providence_Alex,23.566666666666666,Target_Child,250.02442950117847,5.5215586310928675,Providence
28,Providence_Alex,23.9,Adult,6.624926513578057,1.8908392795206614,Providence
29,Providence_Alex,23.9,Target_Child,291.86719950887107,5.676298902614625,Providence
30,Providence_Alex,24.4,Adult,7.028737782914365,1.9500071424636836,Providence
31,Providence_Alex,24.4,Target_Child,212.8144092042762,5.360420467601217,Providence
32,Providence_Alex,25.066666666666666,Adult,6.806981019083356,1.9179487060211091,Providence
33,Providence_Alex,25.066666666666666,Target_Child,310.5818623994063,5.738447513643788,Providence
34,Providence_Alex,25.566666666666666,Adult,6.042912998342803,1.798886180178778,Providence
35,Providence_Alex,25.566666666666666,Target_Child,267.97751819637995,5.5909030896651775,Providence
36,Providence_Alex,26.0,Adult,6.597898823127705,1.886751238212869,Providence
37,Providence_Alex,26.0,Target_Child,145.25868788842692,4.978516207288726,Providence
38,Providence_Alex,26.566666666666666,Adult,6.345143624870402,1.8476897368235434,Providence
39,Providence_Alex,26.566666666666666,Target_Child,218.92570045578665,5.388732404927147,Providence
40,Providence_Alex,27.0,Adult,6.584610630750228,1.8847352037203962,Providence
41,Providence_Alex,27.0,Target_Child,200.36850485703465,5.300158195467521,Providence
42,Providence_Alex,27.466666666666665,Adult,6.472000495697437,1.8674852563472626,Providence
43,Providence_Alex,27.466666666666665,Target_Child,266.86000508415935,5.58672419536606,Providence
44,Providence_Alex,27.866666666666667,Adult,6.513236246671574,1.873836452002001,Providence
45,Providence_Alex,27.866666666666667,Target_Child,212.86327941606993,5.3606500789400995,Providence
46,Providence_Alex,28.366666666666667,Adult,6.584781956805953,1.8847612225446657,Providence
47,Providence_Alex,28.366666666666667,Target_Child,197.62807073283423,5.286386833588979,Providence
48,Providence_Alex,28.833333333333332,Adult,6.357943934030275,1.8497050442726741,Providence
49,Providence_Alex,28.833333333333332,Target_Child,250.87712894861346,5.524963293173624,Providence
50,Providence_Alex,29.3,Adult,6.558578223963323,1.8807738453138247,Providence
51,Providence_Alex,29.3,Target_Child,224.35697940480586,5.413238441386759,Providence
52,Providence_Alex,29.766666666666666,Adult,6.7732216530563765,1.9129768456763734,Providence
53,Providence_Alex,29.766666666666666,Target_Child,246.04385385949013,5.505509787766066,Providence
54,Providence_Alex,30.2,Adult,6.783066894717703,1.9144293440290823,Providence
55,Providence_Alex,30.2,Target_Child,177.51612829821542,5.179061468439537,Providence
56,Providence_Alex,30.666666666666668,Adult,7.369657659887648,1.997371254632245,Providence
57,Providence_Alex,30.666666666666668,Target_Child,207.81886410985896,5.336666854669303,Providence
58,Providence_Alex,31.166666666666668,Adult,6.2543267408846885,1.8332735027756049,Providence
59,Providence_Alex,31.166666666666668,Target_Child,254.5412168675021,5.539462775205817,Providence
60,Providence_Alex,31.8,Adult,7.128832519437757,1.9641474790046776,Providence
61,Providence_Alex,31.8,Target_Child,281.82727165967606,5.641294371430979,Providence
62,Providence_Alex,32.333333333333336,Adult,6.823317311816086,1.9203457629538832,Providence
63,Providence_Alex,32.333333333333336,Target_Child,201.67944252569293,5.306679518723191,Providence
64,Providence_Alex,32.53333333333333,Adult,6.734243992989318,1.9072055530776304,Providence
65,Providence_Alex,32.53333333333333,Target_Child,284.0189292930346,5.649040888380293,Providence
66,Providence_Alex,32.93333333333333,Adult,6.953583521586474,1.9392571413099189,Providence
67,Providence_Alex,32.93333333333333,Target_Child,249.5628469246998,5.519710774954003,Providence
68,Providence_Alex,33.43333333333333,Adult,7.235653660682952,1.9790207030214684,Providence
69,Providence_Alex,33.43333333333333,Target_Child,219.97612076815253,5.393518998498314,Providence
70,Providence_Alex,33.86666666666667,Adult,6.720373257471076,1.9051436972590616,Providence
71,Providence_Alex,33.86666666666667,Target_Child,161.1052191754696,5.082057686774663,Providence
72,Providence_Alex,34.36666666666667,Adult,6.376627732670069,1.8526393890680888,Providence
73,Providence_Alex,34.36666666666667,Target_Child,223.21274932632247,5.40812534951348,Providence
74,Providence_Alex,34.833333333333336,Adult,7.379308467373629,1.9986799306140144,Providence
75,Providence_Alex,34.833333333333336,Target_Child,213.71556310831363,5.36464598657234,Providence
76,Providence_Alex,35.266666666666666,Adult,6.844721513435801,1.9234777732430537,Providence
77,Providence_Alex,35.266666666666666,Target_Child,239.5961577165984,5.47895482987147,Providence
78,Providence_Alex,35.733333333333334,Adult,6.784942375196218,1.9147058002804234,Providence
79,Providence_Alex,35.733333333333334,Target_Child,187.6841546034364,5.234760521293979,Providence
80,Providence_Alex,36.2,Adult,6.827431984144883,1.9209486122721444,Providence
81,Providence_Alex,36.2,Target_Child,222.61528145727758,5.40544508633815,Providence
82,Providence_Alex,37.1,Adult,6.770324149986382,1.9125489661304498,Providence
83,Providence_Alex,37.1,Target_Child,148.5139484736031,5.000678882946864,Providence
84,Providence_Alex,37.63333333333333,Adult,6.208263464932693,1.8258812215636142,Providence
85,Providence_Alex,37.63333333333333,Target_Child,192.36302116903713,5.25938432209314,Providence
86,Providence_Alex,38.0,Adult,6.1745344652673495,1.8204334894319485,Providence
87,Providence_Alex,38.0,Target_Child,200.95612520646827,5.303086601677087,Providence
88,Providence_Alex,38.46666666666667,Adult,7.3859437501050875,1.9995787006560544,Providence
89,Providence_Alex,38.46666666666667,Target_Child,205.1291113266269,5.323639592239875,Providence
90,Providence_Alex,39.03333333333333,Adult,7.121960033585481,1.96318297315569,Providence
91,Providence_Alex,39.03333333333333,Target_Child,184.05724774313583,5.215246838257165,Providence
92,Providence_Alex,39.43333333333333,Adult,7.315186195075408,1.9899524880203796,Providence
93,Providence_Alex,39.43333333333333,Target_Child,189.02895253585143,5.241900191347933,Providence
94,Providence_Alex,39.9,Adult,7.742216582258635,2.0466880267394463,Providence
95,Providence_Alex,39.9,Target_Child,207.87967628579045,5.33695943292232,Providence
96,Providence_Alex,40.333333333333336,Adult,6.795176819764686,1.9162130693049644,Providence
97,Providence_Alex,40.333333333333336,Target_Child,185.60812330191192,5.223637587184792,Providence
98,Providence_Alex,40.8,Adult,7.7065041118889805,2.042064662165642,Providence
99,Providence_Alex,40.8,Target_Child,196.48827330984048,5.280602751716008,Providence
100,Providence_Alex,41.53333333333333,Adult,7.4861078032208095,2.0130490100225256,Providence
101,Providence_Alex,41.53333333333333,Target_Child,197.77511552452762,5.287130605028273,Providence
102,Providence_Violet,14.0,Adult,6.924328815929951,1.935041125488801,Providence
103,Providence_Violet,14.0,Target_Child,327.71065710388564,5.792131076091098,Providence
104,Providence_Violet,14.466666666666667,Adult,6.814473274882054,1.919048773076002,Providence
105,Providence_Violet,14.466666666666667,Target_Child,269.1604589808753,5.595307703553004,Providence
106,Providence_Violet,15.3,Adult,7.0854326689721265,1.9580409395874543,Providence
107,Providence_Violet,15.3,Target_Child,279.87218213780517,5.634333006579909,Providence
108,Providence_Violet,15.866666666666667,Adult,7.062627692907108,1.9548171767207365,Providence
109,Providence_Violet,15.866666666666667,Target_Child,217.55486688374984,5.38245108025063,Providence
110,Providence_Violet,16.666666666666668,Adult,7.973438712683848,2.076115856800711,Providence
111,Providence_Violet,16.666666666666668,Target_Child,321.1298445063606,5.771845541361753,Providence
112,Providence_Violet,17.1,Adult,7.200802793885244,1.9741925189571696,Providence
113,Providence_Violet,17.1,Target_Child,401.36426735858277,5.994869412366294,Providence
114,Providence_Violet,17.666666666666668,Adult,7.140604135783976,1.965797385626926,Providence
115,Providence_Violet,17.666666666666668,Target_Child,441.8624510932347,6.090998637024341,Providence
116,Providence_Violet,18.6,Adult,6.173030211997485,1.8201898376161252,Providence
117,Providence_Violet,18.6,Target_Child,254.46226666436962,5.539152560418218,Providence
118,Providence_Violet,19.133333333333333,Adult,7.308228864027869,1.9890009549421814,Providence
119,Providence_Violet,19.133333333333333,Target_Child,203.76087495020334,5.31694712468536,Providence
120,Providence_Violet,19.733333333333334,Adult,7.269116313368744,1.983634731663342,Providence
121,Providence_Violet,19.733333333333334,Target_Child,179.36219340243395,5.18940718829922,Providence
122,Providence_Violet,20.166666666666668,Adult,6.620226958332472,1.890129653097266,Providence
123,Providence_Violet,20.166666666666668,Target_Child,254.87234669814936,5.540762818632093,Providence
124,Providence_Violet,20.733333333333334,Adult,6.4406718233547835,1.8626328550719735,Providence
125,Providence_Violet,20.733333333333334,Target_Child,254.2222086015995,5.5382087215858435,Providence
126,Providence_Violet,21.233333333333334,Adult,7.691353502504464,2.040096776157958,Providence
127,Providence_Violet,21.233333333333334,Target_Child,192.30009630818105,5.259057153417183,Providence
128,Providence_Violet,21.833333333333332,Adult,6.19496732188996,1.8237372401503185,Providence
129,Providence_Violet,21.833333333333332,Target_Child,257.29269548723704,5.550214329795086,Providence
130,Providence_Violet,22.4,Adult,6.422136340126636,1.8597508256080564,Providence
131,Providence_Violet,22.4,Target_Child,213.26278512772743,5.362525138280276,Providence
132,Providence_Violet,22.9,Adult,6.676394273258593,1.8985780623628743,Providence
133,Providence_Violet,22.9,Target_Child,193.26595120215515,5.264067225857549,Providence
134,Providence_Violet,23.5,Adult,7.274356169692861,1.984355310129997,Providence
135,Providence_Violet,23.5,Target_Child,193.7385802421867,5.266509725810898,Providence
136,Providence_Violet,23.933333333333334,Adult,9.217720033708586,2.2211277221413384,Providence
137,Providence_Violet,23.933333333333334,Target_Child,211.1318385081104,5.352482765405574,Providence
138,Providence_Violet,24.433333333333334,Adult,7.7635016092373,2.049433470721516,Providence
139,Providence_Violet,24.433333333333334,Target_Child,180.30139889402582,5.1946298888814795,Providence
140,Providence_Violet,24.9,Adult,7.493019123012499,2.0139718034958927,Providence
141,Providence_Violet,24.9,Target_Child,147.8222139208067,4.996010294384394,Providence
142,Providence_Violet,25.333333333333332,Adult,7.761101582923342,2.0491242806825345,Providence
143,Providence_Violet,25.333333333333332,Target_Child,175.93618275975285,5.1701213313276675,Providence
144,Providence_Violet,25.633333333333333,Adult,7.412534287647628,2.0031723899654392,Providence
145,Providence_Violet,25.633333333333333,Target_Child,184.66235308285457,5.2185290390492485,Providence
146,Providence_Violet,26.366666666666667,Adult,7.755566581008225,2.0484108540510686,Providence
147,Providence_Violet,26.366666666666667,Target_Child,201.2967396762838,5.304780136172228,Providence
148,Providence_Violet,27.166666666666668,Adult,7.2698079997295295,1.9837298812557618,Providence
149,Providence_Violet,27.166666666666668,Target_Child,220.84049062014293,5.397440679022427,Providence
150,Providence_Violet,27.4,Adult,7.0920976729677,1.958981160391194,Providence
151,Providence_Violet,27.4,Target_Child,170.0441585708622,5.136058159618625,Providence
152,Providence_Violet,27.633333333333333,Adult,6.338554280187319,1.8466507109297996,Providence
153,Providence_Violet,27.633333333333333,Target_Child,185.78310372492646,5.224579884273298,Providence
154,Providence_Violet,29.033333333333335,Adult,6.846965185439777,1.9238055154815967,Providence
155,Providence_Violet,29.033333333333335,Target_Child,145.47667657561715,4.980015775313011,Providence
156,Providence_Violet,29.5,Adult,7.79798370319937,2.0538652006889437,Providence
157,Providence_Violet,29.5,Target_Child,228.39032865819698,5.431056133007031,Providence
158,Providence_Violet,29.9,Adult,7.288963865628298,1.9863614050038256,Providence
159,Providence_Violet,29.9,Target_Child,227.31411799099845,5.426332840636634,Providence
160,Providence_Violet,30.533333333333335,Adult,6.693724354723668,1.9011704239794929,Providence
161,Providence_Violet,30.533333333333335,Target_Child,198.84836882667824,5.292542568586,Providence
162,Providence_Violet,30.9,Adult,6.3314994561224225,1.8455370890082496,Providence
163,Providence_Violet,30.9,Target_Child,173.358291687684,5.155360503047595,Providence
164,Providence_Violet,31.233333333333334,Adult,7.282880292631836,1.985526428554196,Providence
165,Providence_Violet,31.233333333333334,Target_Child,234.9313209179683,5.459293220017492,Providence
166,Providence_Violet,31.8,Adult,7.995555791839616,2.078885861298038,Providence
167,Providence_Violet,31.8,Target_Child,234.8445989244048,5.45892401422858,Providence
168,Providence_Violet,32.233333333333334,Adult,7.7471460833790085,2.0473245282396317,Providence
169,Providence_Violet,32.233333333333334,Target_Child,162.17125907584523,5.088652931626933,Providence
170,Providence_Violet,32.63333333333333,Adult,6.953924642523986,1.9393061969615217,Providence
171,Providence_Violet,32.63333333333333,Target_Child,249.30389411071104,5.518672610586865,Providence
172,Providence_Violet,33.266666666666666,Adult,8.12058406767822,2.094402081103805,Providence
173,Providence_Violet,33.266666666666666,Target_Child,177.1723749758853,5.17712312859043,Providence
174,Providence_Violet,34.06666666666667,Adult,6.6998075009537965,1.9020787947832456,Providence
175,Providence_Violet,34.06666666666667,Target_Child,229.0401344372685,5.43389724774947,Providence
176,Providence_Violet,34.53333333333333,Adult,9.48288551955931,2.2494886496531765,Providence
177,Providence_Violet,34.53333333333333,Target_Child,191.09320782725425,5.252761308109367,Providence
178,Providence_Violet,34.93333333333333,Adult,7.2281723825565996,1.9779862217201636,Providence
179,Providence_Violet,34.93333333333333,Target_Child,231.31174322164773,5.443766338470222,Providence
180,Providence_Violet,35.86666666666667,Adult,7.720847333994743,2.0439241163031587,Providence
181,Providence_Violet,35.86666666666667,Target_Child,193.06227498861776,5.263012805193461,Providence
182,Providence_Violet,37.63333333333333,Adult,8.591605345984068,2.1507856039815954,Providence
183,Providence_Violet,37.63333333333333,Target_Child,175.67244226483814,5.168621137500737,Providence
184,Providence_Violet,40.0,Adult,7.11450563224751,1.9621357466608274,Providence
185,Providence_Violet,40.0,Target_Child,229.14580311446042,5.434358495773056,Providence
186,Providence_Violet,40.8,Adult,7.597215887756079,2.027781849618444,Providence
187,Providence_Violet,40.8,Target_Child,219.8623690625189,5.393001755415683,Providence
188,Providence_Violet,42.0,Adult,10.049062155298643,2.3074793122699684,Providence
189,Providence_Violet,42.0,Target_Child,237.98825882019872,5.472221339766337,Providence
190,Providence_Violet,42.7,Adult,8.177018007736018,2.1013275374198046,Providence
191,Providence_Violet,42.7,Target_Child,123.36608535410937,4.815156238641372,Providence
192,Providence_Violet,43.733333333333334,Adult,7.192237622491909,1.9730023364583196,Providence
193,Providence_Violet,43.733333333333334,Target_Child,228.5200275225125,5.431623854294346,Providence
194,Providence_Violet,44.766666666666666,Adult,7.405351742556266,2.002202947274458,Providence
195,Providence_Violet,44.766666666666666,Target_Child,153.9433322172726,5.03658456207998,Providence
196,Providence_Violet,46.6,Adult,7.296369505439316,1.9873768964237357,Providence
197,Providence_Violet,46.6,Target_Child,153.81854039073642,5.035773598510531,Providence
198,Providence_Violet,47.8,Adult,7.462902800800275,2.0099444539186866,Providence
199,Providence_Violet,47.8,Target_Child,179.65226940741186,5.191023145861659,Providence
200,Providence_Ethan,11.7,Adult,5.211050653597105,1.6507814963935747,Providence
201,Providence_Ethan,11.7,Target_Child,122.95150644996087,4.811790021128505,Providence
202,Providence_Ethan,12.2,Adult,5.616828765939193,1.7257672281184115,Providence
203,Providence_Ethan,12.2,Target_Child,318.6800431510327,5.7641875999176815,Providence
204,Providence_Ethan,12.7,Adult,6.772540586891901,1.9128762878557082,Providence
205,Providence_Ethan,12.7,Target_Child,98.59649554638565,4.591035718851047,Providence
206,Providence_Ethan,13.166666666666666,Adult,5.583355959398803,1.7197900220243911,Providence
207,Providence_Ethan,13.166666666666666,Target_Child,217.06240539579233,5.3801848946656365,Providence
208,Providence_Ethan,13.566666666666666,Adult,5.756107422665377,1.7502614515794974,Providence
209,Providence_Ethan,13.566666666666666,Target_Child,275.92634482565256,5.620133963528207,Providence
210,Providence_Ethan,14.033333333333333,Adult,6.639408319802212,1.8930228510544251,Providence
211,Providence_Ethan,14.033333333333333,Target_Child,189.88790999659867,5.246433950686733,Providence
212,Providence_Ethan,14.6,Adult,6.523905485670618,1.875473197478876,Providence
213,Providence_Ethan,14.6,Target_Child,175.22980466230854,5.166098281969427,Providence
214,Providence_Ethan,14.933333333333334,Adult,6.554886374773984,1.8802107829348356,Providence
215,Providence_Ethan,14.933333333333334,Target_Child,197.8490669873079,5.287504452062457,Providence
216,Providence_Ethan,15.5,Adult,7.385067340722869,1.9994600345230649,Providence
217,Providence_Ethan,15.5,Target_Child,224.77702079261846,5.415108892121242,Providence
218,Providence_Ethan,16.0,Adult,7.265639178965429,1.9831562737393018,Providence
219,Providence_Ethan,16.0,Target_Child,192.26729185972565,5.258886548994945,Providence
220,Providence_Ethan,16.366666666666667,Adult,6.356005605278756,1.8494001305618648,Providence
221,Providence_Ethan,16.366666666666667,Target_Child,214.53042530308613,5.368451571214148,Providence
222,Providence_Ethan,16.866666666666667,Adult,6.384590156547196,1.8538872989430804,Providence
223,Providence_Ethan,16.866666666666667,Target_Child,143.31698399486683,4.965058848361482,Providence
224,Providence_Ethan,17.566666666666666,Adult,6.673245989069823,1.8981063965823335,Providence
225,Providence_Ethan,17.566666666666666,Target_Child,202.40141802000397,5.310252943416456,Providence
226,Providence_Ethan,18.066666666666666,Adult,7.092884823286833,1.9590921440064573,Providence
227,Providence_Ethan,18.066666666666666,Target_Child,216.67335863931012,5.378390959772195,Providence
228,Providence_Ethan,18.666666666666668,Adult,7.0779242617480485,1.9569806813500625,Providence
229,Providence_Ethan,18.666666666666668,Target_Child,157.42366421291595,5.058940669110386,Providence
230,Providence_Ethan,19.0,Adult,7.132202015645384,1.9646200248444676,Providence
231,Providence_Ethan,19.0,Target_Child,166.4071567266842,5.114437536637025,Providence
232,Providence_Ethan,19.466666666666665,Adult,6.7056279698806796,1.902947169302716,Providence
233,Providence_Ethan,19.466666666666665,Target_Child,212.86247126511392,5.360646282360002,Providence
234,Providence_Ethan,19.866666666666667,Adult,7.320720945844322,1.9907088129928543,Providence
235,Providence_Ethan,19.866666666666667,Target_Child,198.01592578070796,5.288347460695855,Providence
236,Providence_Ethan,20.133333333333333,Adult,7.694833792937573,2.040549167699233,Providence
237,Providence_Ethan,20.133333333333333,Target_Child,170.94347688568956,5.1413329573326445,Providence
238,Providence_Ethan,20.666666666666668,Adult,6.733233476418456,1.9070554853941977,Providence
239,Providence_Ethan,20.666666666666668,Target_Child,250.62780932912884,5.523969007291292,Providence
240,Providence_Ethan,21.133333333333333,Adult,7.093855056387209,1.9592289242829857,Providence
241,Providence_Ethan,21.133333333333333,Target_Child,257.45940873891055,5.55086207171254,Providence
242,Providence_Ethan,21.866666666666667,Adult,7.017061103200635,1.9483444841131896,Providence
243,Providence_Ethan,21.866666666666667,Target_Child,204.18644663915015,5.3190335305559415,Providence
244,Providence_Ethan,22.366666666666667,Adult,7.022390991836497,1.9491037571753913,Providence
245,Providence_Ethan,22.366666666666667,Target_Child,232.11793878336454,5.447245599321601,Providence
246,Providence_Ethan,22.766666666666666,Adult,6.408548774091619,1.857632845002443,Providence
247,Providence_Ethan,22.766666666666666,Target_Child,205.798229586605,5.326896220771134,Providence
248,Providence_Ethan,23.333333333333332,Adult,6.805153647262385,1.917680214432282,Providence
249,Providence_Ethan,23.333333333333332,Target_Child,177.91379795160168,5.181299151819309,Providence
250,Providence_Ethan,23.7,Adult,7.1844774622141845,1.9719227906809071,Providence
251,Providence_Ethan,23.7,Target_Child,280.35195642347014,5.636045801048882,Providence
252,Providence_Ethan,24.233333333333334,Adult,6.6867996696584,1.9001353844442916,Providence
253,Providence_Ethan,24.233333333333334,Target_Child,243.55832404886382,5.4953564376560315,Providence
254,Providence_Ethan,24.833333333333332,Adult,6.880689235062549,1.9287188264425252,Providence
255,Providence_Ethan,24.833333333333332,Target_Child,204.84951515703568,5.3222756371706295,Providence
256,Providence_Ethan,25.733333333333334,Adult,7.367678878639674,1.9971027147567129,Providence
257,Providence_Ethan,25.733333333333334,Target_Child,186.3643233052454,5.227703485355436,Providence
258,Providence_Ethan,26.266666666666666,Adult,7.5273626172678405,2.018544730429103,Providence
259,Providence_Ethan,26.266666666666666,Target_Child,209.67997771265178,5.3455824527229465,Providence
260,Providence_Ethan,26.733333333333334,Adult,6.857321833270325,1.9253169621972164,Providence
261,Providence_Ethan,26.733333333333334,Target_Child,153.29289860644388,5.032350461298239,Providence
262,Providence_Ethan,27.633333333333333,Adult,7.206700705447588,1.9750112467668937,Providence
263,Providence_Ethan,27.633333333333333,Target_Child,210.0735377680513,5.347457649266679,Providence
264,Providence_Ethan,28.066666666666666,Adult,6.7587270126463865,1.9108345605832908,Providence
265,Providence_Ethan,28.066666666666666,Target_Child,212.91621593886788,5.360898735926395,Providence
266,Providence_Ethan,28.633333333333333,Adult,6.985813846668245,1.943881499403252,Providence
267,Providence_Ethan,28.633333333333333,Target_Child,235.09717740430227,5.459998949537339,Providence
268,Providence_Ethan,29.0,Adult,6.8683912452141795,1.926929907809645,Providence
269,Providence_Ethan,29.0,Target_Child,202.9232310494636,5.312827735346529,Providence
270,Providence_Ethan,29.5,Adult,7.661558081496073,2.0362153679635777,Providence
271,Providence_Ethan,29.5,Target_Child,201.72652416068905,5.30691293934211,Providence
272,Providence_Ethan,29.866666666666667,Adult,7.691564592385452,2.040124220870294,Providence
273,Providence_Ethan,29.866666666666667,Target_Child,237.74017090046104,5.4711783584066875,Providence
274,Providence_Ethan,30.366666666666667,Adult,6.738900395539774,1.907896765552101,Providence
275,Providence_Ethan,30.366666666666667,Target_Child,176.23812086636855,5.171836040081187,Providence
276,Providence_Ethan,30.8,Adult,6.888247370695474,1.9298166797638783,Providence
277,Providence_Ethan,30.8,Target_Child,235.3035797155969,5.460876509028545,Providence
278,Providence_Ethan,31.3,Adult,7.15800339730598,1.9682310869603714,Providence
279,Providence_Ethan,31.3,Target_Child,233.92422008558216,5.45499721712022,Providence
280,Providence_Ethan,31.833333333333332,Adult,7.632938693207807,2.032472920975852,Providence
281,Providence_Ethan,31.833333333333332,Target_Child,218.27937184178225,5.385775764550386,Providence
282,Providence_Ethan,32.333333333333336,Adult,7.942531652516344,2.07223207236182,Providence
283,Providence_Ethan,32.333333333333336,Target_Child,206.32866468895224,5.329470357051059,Providence
284,Providence_Ethan,33.0,Adult,7.636239057019387,2.032905211950122,Providence
285,Providence_Ethan,33.0,Target_Child,197.84309369777424,5.287474260463393,Providence
286,Providence_Ethan,33.233333333333334,Adult,6.657949418442462,1.8958115420141015,Providence
287,Providence_Ethan,33.233333333333334,Target_Child,216.05332413167127,5.375525248196499,Providence
288,Providence_Ethan,33.666666666666664,Adult,7.025238075426805,1.9495091043860358,Providence
289,Providence_Ethan,33.666666666666664,Target_Child,216.57112680223148,5.377919023752643,Providence
290,Providence_Ethan,34.166666666666664,Adult,7.22273264520267,1.9772333640132707,Providence
291,Providence_Ethan,34.166666666666664,Target_Child,184.80288869606827,5.219289790557644,Providence
292,Providence_Ethan,34.6,Adult,6.597293975214422,1.8866595612024681,Providence
293,Providence_Ethan,34.6,Target_Child,180.3854529456636,5.19509596660364,Providence
294,Providence_Ethan,35.03333333333333,Adult,6.714417562826027,1.904257089478584,Providence
295,Providence_Ethan,35.03333333333333,Target_Child,183.31784685285743,5.211221514278784,Providence
296,Providence_Naima,11.866666666666667,Adult,6.997465038020681,1.945547946042104,Providence
297,Providence_Naima,11.866666666666667,Target_Child,124.5618071350007,4.824802035569189,Providence
298,Providence_Naima,12.466666666666667,Adult,7.000289436102996,1.9459514962152213,Providence
299,Providence_Naima,12.466666666666667,Target_Child,189.13923707660885,5.242483447935416,Providence
300,Providence_Naima,12.866666666666667,Adult,7.616865952021052,2.030364992708954,Providence
301,Providence_Naima,12.866666666666667,Target_Child,140.55612066967703,4.945606844392096,Providence
302,Providence_Naima,13.366666666666667,Adult,7.052702201258996,1.9534108343456853,Providence
303,Providence_Naima,13.366666666666667,Target_Child,130.76485158024698,4.873400684106279,Providence
304,Providence_Naima,13.8,Adult,6.830725980693859,1.9214309608613642,Providence
305,Providence_Naima,13.8,Target_Child,197.59753917434992,5.286232331665118,Providence
306,Providence_Naima,14.233333333333333,Adult,7.126467804541916,1.9638157125930569,Providence
307,Providence_Naima,14.233333333333333,Target_Child,156.28678408143546,5.0516926790312,Providence
308,Providence_Naima,14.7,Adult,6.773193050371401,1.91297262276048,Providence
309,Providence_Naima,14.7,Target_Child,161.58602470429645,5.085037661557071,Providence
310,Providence_Naima,15.233333333333333,Adult,6.669887827780654,1.8976030423619281,Providence
311,Providence_Naima,15.233333333333333,Target_Child,153.94830153772082,5.036616841751812,Providence
312,Providence_Naima,15.4,Adult,6.750922160510701,1.9096791119252274,Providence
313,Providence_Naima,15.4,Target_Child,132.88847509318975,4.889510243322276,Providence
314,Providence_Naima,15.833333333333334,Adult,6.605078255504183,1.8878387858229797,Providence
315,Providence_Naima,15.833333333333334,Target_Child,94.30025808275113,4.546483926462296,Providence
316,Providence_Naima,16.1,Adult,7.009692404631017,1.9472938205732109,Providence
317,Providence_Naima,16.1,Target_Child,107.28894796133814,4.675525643039373,Providence
318,Providence_Naima,16.333333333333332,Adult,6.552763917751506,1.8798869328177419,Providence
319,Providence_Naima,16.333333333333332,Target_Child,143.65608554674765,4.967422148236633,Providence
320,Providence_Naima,16.533333333333335,Adult,6.81564238220937,1.9192203207516925,Providence
321,Providence_Naima,16.533333333333335,Target_Child,134.0812943522584,4.898446290269057,Providence
322,Providence_Naima,16.766666666666666,Adult,6.544402880053985,1.8786101622058369,Providence
323,Providence_Naima,16.766666666666666,Target_Child,106.5159679228462,4.668294907458421,Providence
324,Providence_Naima,17.066666666666666,Adult,6.808199195820551,1.9181276499236088,Providence
325,Providence_Naima,17.066666666666666,Target_Child,138.57453409500425,4.9314083331858685,Providence
326,Providence_Naima,17.366666666666667,Adult,6.789209030232032,1.9153344443921458,Providence
327,Providence_Naima,17.366666666666667,Target_Child,129.5695215099776,4.864217582726419,Providence
328,Providence_Naima,17.8,Adult,6.5192309978124054,1.874756423861692,Providence
329,Providence_Naima,17.8,Target_Child,164.2856983989395,5.1016069755998705,Providence
330,Providence_Naima,18.133333333333333,Adult,7.125516195774582,1.963682172060212,Providence
331,Providence_Naima,18.133333333333333,Target_Child,115.42172806228231,4.7485926211191245,Providence
332,Providence_Naima,18.3,Adult,6.549732246581229,1.8794241704270713,Providence
333,Providence_Naima,18.3,Target_Child,227.42050987565025,5.426800770194109,Providence
334,Providence_Naima,18.666666666666668,Adult,6.901416297147604,1.9317266509963429,Providence
335,Providence_Naima,18.666666666666668,Target_Child,264.2643864008589,5.576950065655771,Providence
336,Providence_Naima,19.0,Adult,6.0603148585841975,1.801761755593591,Providence
337,Providence_Naima,19.0,Target_Child,174.4656183809841,5.161727692894318,Providence
338,Providence_Naima,19.333333333333332,Adult,6.77175553617429,1.9127603644129014,Providence
339,Providence_Naima,19.333333333333332,Target_Child,150.45324212589077,5.0136523523679,Providence
340,Providence_Naima,19.566666666666666,Adult,6.745289783530827,1.9088444514545393,Providence
341,Providence_Naima,19.566666666666666,Target_Child,177.97541451498498,5.181645420050211,Providence
342,Providence_Naima,19.766666666666666,Adult,7.120855633619122,1.9630278914647692,Providence
343,Providence_Naima,19.766666666666666,Target_Child,223.5479816805658,5.4096260741470195,Providence
344,Providence_Naima,20.033333333333335,Adult,6.344067641899062,1.8475201466179274,Providence
345,Providence_Naima,20.033333333333335,Target_Child,183.52650927513506,5.212359121775235,Providence
346,Providence_Naima,20.266666666666666,Adult,6.164115465888209,1.8187446495809634,Providence
347,Providence_Naima,20.266666666666666,Target_Child,212.26473623048454,5.357834251429148,Providence
348,Providence_Naima,20.6,Adult,6.436181524533028,1.8619354332900446,Providence
349,Providence_Naima,20.6,Target_Child,166.65270955979,5.115912063606212,Providence
350,Providence_Naima,20.7,Adult,6.479448256594761,1.8686353611518638,Providence
351,Providence_Naima,20.7,Target_Child,139.28961148907715,4.936555301472683,Providence
352,Providence_Naima,21.266666666666666,Adult,6.580297447348898,1.8840799490797915,Providence
353,Providence_Naima,21.266666666666666,Target_Child,160.3581741046291,5.077409901482425,Providence
354,Providence_Naima,21.333333333333332,Adult,6.49097747646107,1.8704131320809096,Providence
355,Providence_Naima,21.333333333333332,Target_Child,189.41358073182337,5.2439328821508715,Providence
356,Providence_Naima,21.5,Adult,6.65356462872841,1.8951527454478954,Providence
357,Providence_Naima,21.5,Target_Child,189.39014890907006,5.243809167303579,Providence
358,Providence_Naima,21.7,Adult,6.684595037075845,1.8998056308694575,Providence
359,Providence_Naima,21.7,Target_Child,152.95371204389966,5.030135339958504,Providence
360,Providence_Naima,21.833333333333332,Adult,6.557391284232163,1.8805928537777192,Providence
361,Providence_Naima,21.833333333333332,Target_Child,135.88190320093565,4.911786149677482,Providence
362,Providence_Naima,22.166666666666668,Adult,6.5899405419360715,1.8855443260057423,Providence
363,Providence_Naima,22.166666666666668,Target_Child,158.09843198362893,5.063217826289134,Providence
364,Providence_Naima,22.4,Adult,6.650362619584465,1.8946713824419186,Providence
365,Providence_Naima,22.4,Target_Child,190.62421882670284,5.250304049394999,Providence
366,Providence_Naima,22.6,Adult,6.758925325543851,1.9108639019056621,Providence
367,Providence_Naima,22.6,Target_Child,116.69075911042233,4.759527351156547,Providence
368,Providence_Naima,22.9,Adult,6.90555837003299,1.932326648187544,Providence
369,Providence_Naima,22.9,Target_Child,165.77799136866255,5.110649491843522,Providence
370,Providence_Naima,23.233333333333334,Adult,6.431081716134947,1.861142753670497,Providence
371,Providence_Naima,23.233333333333334,Target_Child,163.37624424189923,5.096055787780109,Providence
372,Providence_Naima,23.533333333333335,Adult,8.165736136484806,2.0999468799193868,Providence
373,Providence_Naima,23.533333333333335,Target_Child,155.99346883435797,5.049814139926689,Providence
374,Providence_Naima,23.733333333333334,Adult,6.4429027751447006,1.8629791800449318,Providence
375,Providence_Naima,23.733333333333334,Target_Child,123.97494435701778,4.820079483550881,Providence
376,Providence_Naima,23.866666666666667,Adult,6.560697487294726,1.8810969215867044,Providence
377,Providence_Naima,23.866666666666667,Target_Child,137.60841104648853,4.9244120504224185,Providence
378,Providence_Naima,24.133333333333333,Adult,6.089105427911677,1.8065011789635979,Providence
379,Providence_Naima,24.133333333333333,Target_Child,170.40455119360954,5.138175322921224,Providence
380,Providence_Naima,24.4,Adult,6.334037041726378,1.8459377961773997,Providence
381,Providence_Naima,24.4,Target_Child,171.60876934440165,5.145217289153732,Providence
382,Providence_Naima,24.566666666666666,Adult,6.863563005185964,1.9262266954133405,Providence
383,Providence_Naima,24.566666666666666,Target_Child,176.08819905941408,5.170985000533335,Providence
384,Providence_Naima,25.0,Adult,6.728884272804301,1.9064093457828097,Providence
385,Providence_Naima,25.0,Target_Child,154.8128652354461,5.042217066458397,Providence
386,Providence_Naima,25.333333333333332,Adult,6.580785433007028,1.8841541049319792,Providence
387,Providence_Naima,25.333333333333332,Target_Child,151.13192516048625,5.0181531319412205,Providence
388,Providence_Naima,25.533333333333335,Adult,6.2163745117624725,1.8271868608904471,Providence
389,Providence_Naima,25.533333333333335,Target_Child,197.71913091888743,5.286847492914671,Providence
390,Providence_Naima,25.8,Adult,6.667676599931856,1.89727146340221,Providence
391,Providence_Naima,25.8,Target_Child,132.26222864236016,4.8847865325684845,Providence
392,Providence_Naima,26.066666666666666,Adult,6.561115358107198,1.8811606126052454,Providence
393,Providence_Naima,26.066666666666666,Target_Child,201.17945190219643,5.304197305287511,Providence
394,Providence_Naima,26.366666666666667,Adult,7.814961956360738,2.0560400958335348,Providence
395,Providence_Naima,26.366666666666667,Target_Child,234.7668244243288,5.45859278505944,Providence
396,Providence_Naima,26.566666666666666,Adult,6.721524995225803,1.9053150626028388,Providence
397,Providence_Naima,26.566666666666666,Target_Child,155.80673638929179,5.048616369917161,Providence
398,Providence_Naima,27.2,Adult,7.757080727300486,2.0486060684805567,Providence
399,Providence_Naima,27.2,Target_Child,167.01802482008395,5.118101739646797,Providence
400,Providence_Naima,27.533333333333335,Adult,6.823985834693145,1.92044373438024,Providence
401,Providence_Naima,27.533333333333335,Target_Child,156.3805608866581,5.052292529380421,Providence
402,Providence_Naima,27.8,Adult,6.389306650037741,1.8546257570308968,Providence
403,Providence_Naima,27.8,Target_Child,158.01885400721486,5.0627143550673965,Providence
404,Providence_Naima,28.366666666666667,Adult,7.372904256752329,1.9978116932663876,Providence
405,Providence_Naima,28.366666666666667,Target_Child,188.773486673658,5.240547813096149,Providence
406,Providence_Naima,28.533333333333335,Adult,7.007628916579141,1.9469994008307372,Providence
407,Providence_Naima,28.533333333333335,Target_Child,133.44513621024575,4.893690428653901,Providence
408,Providence_Naima,28.8,Adult,6.520830037328414,1.8750016741745112,Providence
409,Providence_Naima,28.8,Target_Child,179.80311049614602,5.191862421643977,Providence
410,Providence_Naima,28.9,Adult,6.757776967906113,1.9106939850700952,Providence
411,Providence_Naima,28.9,Target_Child,148.12743985802499,4.998072983369099,Providence
412,Providence_Naima,29.233333333333334,Adult,7.232165143138123,1.9785384578869751,Providence
413,Providence_Naima,29.233333333333334,Target_Child,190.18879681348866,5.248017246239208,Providence
414,Providence_Naima,29.466666666666665,Adult,7.165648232005278,1.9692985292052738,Providence
415,Providence_Naima,29.466666666666665,Target_Child,182.45239613810284,5.2064892959181845,Providence
416,Providence_Naima,29.5,Adult,7.348380420630853,1.9944799380093334,Providence
417,Providence_Naima,29.5,Target_Child,190.56852489436662,5.250011840617944,Providence
418,Providence_Naima,29.566666666666666,Adult,6.65223202180031,1.8949524407284477,Providence
419,Providence_Naima,29.566666666666666,Target_Child,215.5343399901175,5.373120247151061,Providence
420,Providence_Naima,29.6,Adult,6.788792797641727,1.9152731345476324,Providence
421,Providence_Naima,29.6,Target_Child,216.38848484290628,5.377075333185455,Providence
422,Providence_Naima,29.633333333333333,Adult,7.046882667991309,1.952585344283088,Providence
423,Providence_Naima,29.633333333333333,Target_Child,195.5289494752384,5.275708447620014,Providence
424,Providence_Naima,29.9,Adult,7.521836407692586,2.0178103112996224,Providence
425,Providence_Naima,29.9,Target_Child,182.3298376089193,5.205817341406935,Providence
426,Providence_Naima,30.366666666666667,Adult,6.7824940092207235,1.9143448822804858,Providence
427,Providence_Naima,30.366666666666667,Target_Child,134.93265179966386,4.904775778400571,Providence
428,Providence_Naima,30.833333333333332,Adult,6.757514666949833,1.9106551696359337,Providence
429,Providence_Naima,30.833333333333332,Target_Child,140.39707610014224,4.944474665877295,Providence
430,Providence_Naima,31.1,Adult,7.5764505656338015,2.025044826875876,Providence
431,Providence_Naima,31.1,Target_Child,148.54962243142174,5.000919060211827,Providence
432,Providence_Naima,31.433333333333334,Adult,6.877079873269659,1.9281941248216043,Providence
433,Providence_Naima,31.433333333333334,Target_Child,158.33445835216867,5.064709620723407,Providence
434,Providence_Naima,31.666666666666668,Adult,7.024900280154576,1.9494610201232696,Providence
435,Providence_Naima,31.666666666666668,Target_Child,194.30907563057696,5.269450064662474,Providence
436,Providence_Naima,31.9,Adult,6.545461399689123,1.8787718933918636,Providence
437,Providence_Naima,31.9,Target_Child,182.6915534750557,5.20779923065162,Providence
438,Providence_Naima,32.36666666666667,Adult,6.3627808376679384,1.8504655204181109,Providence
439,Providence_Naima,32.36666666666667,Target_Child,193.8834907926124,5.267257415728501,Providence
440,Providence_Naima,32.63333333333333,Adult,6.0534570931100395,1.8006295291930765,Providence
441,Providence_Naima,32.63333333333333,Target_Child,188.49327973781502,5.239062354994268,Providence
442,Providence_Naima,33.56666666666667,Adult,6.9267339380606945,1.935388408899126,Providence
443,Providence_Naima,33.56666666666667,Target_Child,156.34747982761525,5.052080964986702,Providence
444,Providence_Naima,33.766666666666666,Adult,6.76517443734267,1.9117880465590043,Providence
445,Providence_Naima,33.766666666666666,Target_Child,135.66631527485902,4.9101983066595265,Providence
446,Providence_Naima,34.03333333333333,Adult,7.0722032021226635,1.9561720582543727,Providence
447,Providence_Naima,34.03333333333333,Target_Child,201.39449565374332,5.3052656494926245,Providence
448,Providence_Naima,34.266666666666666,Adult,6.6231632843421835,1.890573093334852,Providence
449,Providence_Naima,34.266666666666666,Target_Child,176.99333660236235,5.176112085550852,Providence
450,Providence_Naima,34.6,Adult,7.074370915064783,1.956478522977369,Providence
451,Providence_Naima,34.6,Target_Child,197.63685678246847,5.286431290099153,Providence
452,Providence_Naima,34.9,Adult,7.0797088593220625,1.9572327852954332,Providence
453,Providence_Naima,34.9,Target_Child,178.8820092180366,5.186726422115396,Providence
454,Providence_Naima,35.46666666666667,Adult,6.494693427747495,1.8709854477379544,Providence
455,Providence_Naima,35.46666666666667,Target_Child,159.89191720507898,5.074498069500842,Providence
456,Providence_Naima,35.766666666666666,Adult,7.207195878865195,1.9750799545469038,Providence
457,Providence_Naima,35.766666666666666,Target_Child,142.71474645517753,4.960847858002686,Providence
458,Providence_Naima,36.0,Adult,6.606419618926847,1.8880418458302586,Providence
459,Providence_Naima,36.0,Target_Child,181.0383010560811,5.198708616924648,Providence
460,Providence_Naima,37.03333333333333,Adult,6.593349112329143,1.8860614306978813,Providence
461,Providence_Naima,37.03333333333333,Target_Child,156.32612628280532,5.051944378179081,Providence
462,Providence_Naima,38.63333333333333,Adult,6.448352173766834,1.863824621232515,Providence
463,Providence_Naima,38.63333333333333,Target_Child,182.3634486023476,5.206001666124687,Providence
464,Providence_Naima,39.833333333333336,Adult,6.482261920282187,1.8690695112282387,Providence
465,Providence_Naima,39.833333333333336,Target_Child,192.12260067526444,5.25813371342822,Providence
466,Providence_Naima,42.766666666666666,Adult,7.460317465512725,2.0095979690089583,Providence
467,Providence_Naima,42.766666666666666,Target_Child,169.23921639142335,5.131313195679385,Providence
468,Providence_Naima,46.333333333333336,Adult,7.373391819088657,1.997877820019031,Providence
469,Providence_Naima,46.333333333333336,Target_Child,201.23607864861063,5.304478739489171,Providence
470,Providence_Lily,13.066666666666666,Adult,6.723961415917727,1.9056774772666285,Providence
471,Providence_Lily,13.066666666666666,Target_Child,243.35254340110504,5.494511187842289,Providence
472,Providence_Lily,13.566666666666666,Adult,5.786232473607945,1.7554813843862684,Providence
473,Providence_Lily,13.566666666666666,Target_Child,204.6611647705336,5.3213557568890355,Providence
474,Providence_Lily,14.066666666666666,Adult,6.565806486676905,1.8818753466190346,Providence
475,Providence_Lily,14.066666666666666,Target_Child,430.0768791835357,6.063963981505716,Providence
476,Providence_Lily,14.433333333333334,Adult,6.217751493751257,1.8274083452141225,Providence
477,Providence_Lily,14.433333333333334,Target_Child,342.08891169068085,5.835070678978523,Providence
478,Providence_Lily,14.933333333333334,Adult,6.6499458509453095,1.8946087119196195,Providence
479,Providence_Lily,14.933333333333334,Target_Child,191.05195386464732,5.252545400821233,Providence
480,Providence_Lily,15.433333333333334,Adult,6.40430363458076,1.8569702072804448,Providence
481,Providence_Lily,15.433333333333334,Target_Child,233.62098341032637,5.453700073162772,Providence
482,Providence_Lily,15.766666666666667,Adult,6.345592098430773,1.8477604141381352,Providence
483,Providence_Lily,15.766666666666667,Target_Child,191.37900003610923,5.254255755319749,Providence
484,Providence_Lily,15.866666666666667,Adult,6.842174778281852,1.9231056311402628,Providence
485,Providence_Lily,15.866666666666667,Target_Child,174.3088085415123,5.160828487918646,Providence
486,Providence_Lily,16.766666666666666,Adult,6.84671368818107,1.92376878360537,Providence
487,Providence_Lily,16.766666666666666,Target_Child,348.6710258062896,5.8541288581911,Providence
488,Providence_Lily,17.266666666666666,Adult,7.299614146692074,1.987821490139861,Providence
489,Providence_Lily,17.266666666666666,Target_Child,308.1059937386689,5.730443859287688,Providence
490,Providence_Lily,17.7,Adult,7.322735336235807,1.9909839379859418,Providence
491,Providence_Lily,17.7,Target_Child,247.70698402927619,5.512246531613679,Providence
492,Providence_Lily,18.366666666666667,Adult,6.613874061544042,1.8891695731844902,Providence
493,Providence_Lily,18.366666666666667,Target_Child,265.6658993402835,5.582239501812853,Providence
494,Providence_Lily,18.6,Adult,6.874353402898541,1.9277975886421257,Providence
495,Providence_Lily,18.6,Target_Child,287.34084223819644,5.6606691147336905,Providence
496,Providence_Lily,19.033333333333335,Adult,7.183844675533779,1.971834709877213,Providence
497,Providence_Lily,19.033333333333335,Target_Child,241.96574123283344,5.4887961509818135,Providence
498,Providence_Lily,19.633333333333333,Adult,7.136098742432236,1.9651662324062231,Providence
499,Providence_Lily,19.633333333333333,Target_Child,257.3827610601962,5.5505643195711,Providence
500,Providence_Lily,20.1,Adult,7.065704328020217,1.9552527037393803,Providence
501,Providence_Lily,20.1,Target_Child,188.04627159037332,5.236688058026751,Providence
502,Providence_Lily,20.466666666666665,Adult,6.784039840247274,1.9145727711503169,Providence
503,Providence_Lily,20.466666666666665,Target_Child,224.3657042782555,5.413277328983789,Providence
504,Providence_Lily,20.9,Adult,6.877658583354217,1.9282782718356277,Providence
505,Providence_Lily,20.9,Target_Child,165.51368393486612,5.109053873785015,Providence
506,Providence_Lily,21.4,Adult,6.4533800832637045,1.8646040374614736,Providence
507,Providence_Lily,21.4,Target_Child,205.6391239920906,5.326122807268148,Providence
508,Providence_Lily,21.833333333333332,Adult,5.949289258710227,1.7832717601049333,Providence
509,Providence_Lily,21.833333333333332,Target_Child,215.0260307499257,5.370759094054356,Providence
510,Providence_Lily,22.3,Adult,6.826845251443922,1.9208626710405146,Providence
511,Providence_Lily,22.3,Target_Child,187.39834845003094,5.233236556798737,Providence
512,Providence_Lily,22.733333333333334,Adult,6.328480040290237,1.8450600873053176,Providence
513,Providence_Lily,22.733333333333334,Target_Child,244.06293633549998,5.497426127834712,Providence
514,Providence_Lily,23.233333333333334,Adult,7.204779443520404,1.974744617396599,Providence
515,Providence_Lily,23.233333333333334,Target_Child,146.556919884695,4.987413884634394,Providence
516,Providence_Lily,23.866666666666667,Adult,7.491867699886202,2.0138181255746415,Providence
517,Providence_Lily,23.866666666666667,Target_Child,250.57364569763826,5.523752872117868,Providence
518,Providence_Lily,24.133333333333333,Adult,6.239290768196441,1.8308665169787912,Providence
519,Providence_Lily,24.133333333333333,Target_Child,232.06562743115325,5.4470202085226145,Providence
520,Providence_Lily,24.366666666666667,Adult,6.375819662687004,1.8525126573186301,Providence
521,Providence_Lily,24.366666666666667,Target_Child,181.33714101595174,5.200357956217107,Providence
522,Providence_Lily,24.766666666666666,Adult,6.9459686415390065,1.9381614397045803,Providence
523,Providence_Lily,24.766666666666666,Target_Child,174.39929070684693,5.161347444418713,Providence
524,Providence_Lily,25.033333333333335,Adult,6.741600520798397,1.9082973627274569,Providence
525,Providence_Lily,25.033333333333335,Target_Child,237.42470346664166,5.46985053517232,Providence
526,Providence_Lily,25.266666666666666,Adult,6.566807291273974,1.8820277617613554,Providence
527,Providence_Lily,25.266666666666666,Target_Child,153.675213539236,5.034841372343017,Providence
528,Providence_Lily,25.5,Adult,6.4799224441662195,1.868708541799693,Providence
529,Providence_Lily,25.5,Target_Child,178.57772288900026,5.185023928798232,Providence
530,Providence_Lily,25.766666666666666,Adult,6.183940503337467,1.8219556901743923,Providence
531,Providence_Lily,25.766666666666666,Target_Child,204.47621672616307,5.320451669091966,Providence
532,Providence_Lily,26.033333333333335,Adult,6.267612660470382,1.835395526233054,Providence
533,Providence_Lily,26.033333333333335,Target_Child,191.78550189095066,5.256377569868363,Providence
534,Providence_Lily,26.5,Adult,6.552421279625544,1.8798346423508956,Providence
535,Providence_Lily,26.5,Target_Child,168.5272295947781,5.127097336705558,Providence
536,Providence_Lily,26.9,Adult,6.549788695590028,1.8794327889115257,Providence
537,Providence_Lily,26.9,Target_Child,130.46125619740965,4.871076295306795,Providence
538,Providence_Lily,27.166666666666668,Adult,6.852164791881802,1.9245646303597421,Providence
539,Providence_Lily,27.166666666666668,Target_Child,176.86743153638056,5.175400477581666,Providence
540,Providence_Lily,27.566666666666666,Adult,6.4821596227597915,1.8690537299576193,Providence
541,Providence_Lily,27.566666666666666,Target_Child,156.86427425978638,5.05538093629627,Providence
542,Providence_Lily,28.066666666666666,Adult,6.791253303565989,1.9156355053279448,Providence
543,Providence_Lily,28.066666666666666,Target_Child,127.8615895864922,4.850948347503536,Providence
544,Providence_Lily,28.3,Adult,6.916536471128843,1.9339151343801826,Providence
545,Providence_Lily,28.3,Target_Child,163.5896178345694,5.097360961486042,Providence
546,Providence_Lily,28.533333333333335,Adult,6.599628746957356,1.8870133969892566,Providence
547,Providence_Lily,28.533333333333335,Target_Child,169.32726768996133,5.13183333754022,Providence
548,Providence_Lily,28.933333333333334,Adult,5.968839000572313,1.7865524362263834,Providence
549,Providence_Lily,28.933333333333334,Target_Child,162.28145551082952,5.089332207430569,Providence
550,Providence_Lily,29.2,Adult,5.724056751134067,1.7446777762387078,Providence
551,Providence_Lily,29.2,Target_Child,184.45952979433602,5.217430088711491,Providence
552,Providence_Lily,29.6,Adult,6.891839063860397,1.9303379672410381,Providence
553,Providence_Lily,29.6,Target_Child,169.58001315795877,5.133324869467308,Providence
554,Providence_Lily,29.866666666666667,Adult,5.92579102028652,1.779314183643714,Providence
555,Providence_Lily,29.866666666666667,Target_Child,146.60705123935176,4.987755886790752,Providence
556,Providence_Lily,30.133333333333333,Adult,7.163323125009751,1.968973996905222,Providence
557,Providence_Lily,30.133333333333333,Target_Child,171.52834214490358,5.14474851327215,Providence
558,Providence_Lily,30.4,Adult,5.865538302294815,1.7690942600411688,Providence
559,Providence_Lily,30.4,Target_Child,162.48750050143352,5.09060107882012,Providence
560,Providence_Lily,30.6,Adult,5.995205260241646,1.790960026465769,Providence
561,Providence_Lily,30.6,Target_Child,169.68543619945467,5.133946347693804,Providence
562,Providence_Lily,30.766666666666666,Adult,6.685142007180419,1.899887452988033,Providence
563,Providence_Lily,30.766666666666666,Target_Child,151.61576413431246,5.021349452857032,Providence
564,Providence_Lily,31.0,Adult,7.496771419303863,2.0144724504341065,Providence
565,Providence_Lily,31.0,Target_Child,159.97357652044428,5.075008654848378,Providence
566,Providence_Lily,31.033333333333335,Adult,6.44242327852175,1.8629047548233775,Providence
567,Providence_Lily,31.033333333333335,Target_Child,162.73391299837988,5.092116431339178,Providence
568,Providence_Lily,31.533333333333335,Adult,6.288865341427069,1.838780663569859,Providence
569,Providence_Lily,31.533333333333335,Target_Child,161.69316816236184,5.085700515612343,Providence
570,Providence_Lily,31.7,Adult,6.624978302899241,1.8908470968328461,Providence
571,Providence_Lily,31.7,Target_Child,187.58242447221124,5.234218346001057,Providence
572,Providence_Lily,31.933333333333334,Adult,8.021792232712004,2.0821618673255977,Providence
573,Providence_Lily,31.933333333333334,Target_Child,184.2006285649122,5.216025536219902,Providence
574,Providence_Lily,32.2,Adult,6.670271251540275,1.897660526497979,Providence
575,Providence_Lily,32.2,Target_Child,213.90084839886862,5.365512582414616,Providence
576,Providence_Lily,32.43333333333333,Adult,6.949141006841088,1.9386180558000956,Providence
577,Providence_Lily,32.43333333333333,Target_Child,205.51151212926703,5.325502052460979,Providence
578,Providence_Lily,32.63333333333333,Adult,5.987680703248815,1.7897041423649334,Providence
579,Providence_Lily,32.63333333333333,Target_Child,170.27675338039924,5.137425074419244,Providence
580,Providence_Lily,33.13333333333333,Adult,6.930079673079624,1.9358713099726104,Providence
581,Providence_Lily,33.13333333333333,Target_Child,228.98035318156082,5.433636205906743,Providence
582,Providence_Lily,33.3,Adult,7.152681376913639,1.967487304154495,Providence
583,Providence_Lily,33.3,Target_Child,204.85653223279198,5.322309891367274,Providence
584,Providence_Lily,33.6,Adult,7.0454488550047465,1.952381855883859,Providence
585,Providence_Lily,33.6,Target_Child,185.6288894033617,5.223749462352196,Providence
586,Providence_Lily,33.766666666666666,Adult,6.041239961327653,1.798609282487823,Providence
587,Providence_Lily,33.766666666666666,Target_Child,196.63445012998508,5.281346421914476,Providence
588,Providence_Lily,34.266666666666666,Adult,7.373513191763957,1.9978942807848952,Providence
589,Providence_Lily,34.266666666666666,Target_Child,173.21536997439546,5.154535733382728,Providence
590,Providence_Lily,34.833333333333336,Adult,6.018484401760466,1.7948354671188276,Providence
591,Providence_Lily,34.833333333333336,Target_Child,213.78772803231698,5.36498359765597,Providence
592,Providence_Lily,34.93333333333333,Adult,6.22294219826374,1.8282428171402378,Providence
593,Providence_Lily,34.93333333333333,Target_Child,203.7234668222861,5.316763519455968,Providence
594,Providence_Lily,35.2,Adult,6.646982774836664,1.8941630336369,Providence
595,Providence_Lily,35.2,Target_Child,237.69842236951794,5.471002737278569,Providence
596,Providence_Lily,35.833333333333336,Adult,7.455536930983529,2.008956968558591,Providence
597,Providence_Lily,35.833333333333336,Target_Child,227.40372575502596,5.426726965329209,Providence
598,Providence_Lily,36.1,Adult,7.6100632671633806,2.029471485526734,Providence
599,Providence_Lily,36.1,Target_Child,250.8168353140496,5.52472293295744,Providence
600,Providence_Lily,36.333333333333336,Adult,6.607347622580547,1.8881823059485978,Providence
601,Providence_Lily,36.333333333333336,Target_Child,216.18737202177766,5.376145494719312,Providence
602,Providence_Lily,36.833333333333336,Adult,5.520108862177827,1.7083975815035661,Providence
603,Providence_Lily,36.833333333333336,Target_Child,189.8225173519496,5.2460895163989925,Providence
604,Providence_Lily,37.0,Adult,7.604981752841163,2.028803526344954,Providence
605,Providence_Lily,37.0,Target_Child,229.80193639296755,5.43721779180634,Providence
606,Providence_Lily,37.7,Adult,6.711322892643783,1.9037960839575376,Providence
607,Providence_Lily,37.7,Target_Child,222.66763341344674,5.405680226536267,Providence
608,Providence_Lily,38.6,Adult,6.770443013880363,1.9125665225794375,Providence
609,Providence_Lily,38.6,Target_Child,234.45331262353415,5.457256474774801,Providence
610,Providence_Lily,39.766666666666666,Adult,6.51703063070122,1.8744188474621408,Providence
611,Providence_Lily,39.766666666666666,Target_Child,207.0109296992625,5.332771592351002,Providence
612,Providence_Lily,40.666666666666664,Adult,6.5249703638069,1.8756364112531398,Providence
613,Providence_Lily,40.666666666666664,Target_Child,184.64611028256715,5.218441075723687,Providence
614,Providence_Lily,41.93333333333333,Adult,7.013451891518429,1.9478300037427034,Providence
615,Providence_Lily,41.93333333333333,Target_Child,235.95834027806433,5.463655265197882,Providence
616,Providence_Lily,43.833333333333336,Adult,7.087870631198477,1.9583849613301296,Providence
617,Providence_Lily,43.833333333333336,Target_Child,177.25209416999755,5.177572980123811,Providence
618,Providence_Lily,44.766666666666666,Adult,7.487512625103734,2.013236649597573,Providence
619,Providence_Lily,44.766666666666666,Target_Child,190.70490080251213,5.250727211293003,Providence
620,Providence_Lily,45.9,Adult,7.402713949526271,2.001846682909788,Providence
621,Providence_Lily,45.9,Target_Child,211.6574299122417,5.354969071062526,Providence
622,Providence_Lily,46.833333333333336,Adult,6.822862678135408,1.920279131313207,Providence
623,Providence_Lily,46.833333333333336,Target_Child,172.9709529158797,5.1531236781802745,Providence
624,Providence_Lily,48.06666666666667,Adult,7.441518648413388,2.0070749474258696,Providence
625,Providence_Lily,48.06666666666667,Target_Child,193.25818012353673,5.264027015800843,Providence
626,Providence_William,16.4,Adult,6.697988314876998,1.901807229801515,Providence
627,Providence_William,16.4,Target_Child,374.47712420381447,5.925530717523678,Providence
628,Providence_William,16.9,Adult,6.622729977390805,1.890507668233959,Providence
629,Providence_William,16.9,Target_Child,354.900130331418,5.871836426886585,Providence
630,Providence_William,18.166666666666668,Adult,6.183150879780659,1.821827992636884,Providence
631,Providence_William,18.166666666666668,Target_Child,309.6421921916346,5.735417412119081,Providence
632,Providence_William,18.633333333333333,Adult,5.93698164542752,1.781200863727,Providence
633,Providence_William,18.633333333333333,Target_Child,269.52127034720934,5.596647312456176,Providence
634,Providence_William,19.6,Adult,5.972401616729999,1.787149127370556,Providence
635,Providence_William,19.6,Target_Child,208.8753148671624,5.341737494357449,Providence
636,Providence_William,20.066666666666666,Adult,5.787109515310482,1.7556329467794054,Providence
637,Providence_William,20.066666666666666,Target_Child,188.17139567336832,5.2373532266166185,Providence
638,Providence_William,20.466666666666665,Adult,6.356371620806799,1.8494577146819133,Providence
639,Providence_William,20.466666666666665,Target_Child,232.88397388205297,5.450540363367924,Providence
640,Providence_William,20.966666666666665,Adult,6.296929010200674,1.8400620558525664,Providence
641,Providence_William,20.966666666666665,Target_Child,194.5237423650732,5.270554224323751,Providence
642,Providence_William,21.4,Adult,6.521571448546603,1.8751153666137128,Providence
643,Providence_William,21.4,Target_Child,304.4069727280066,5.718365532190381,Providence
644,Providence_William,21.9,Adult,6.335676543382543,1.8461966026064958,Providence
645,Providence_William,21.9,Target_Child,202.1300326220813,5.30891121615048,Providence
646,Providence_William,22.4,Adult,6.431931295026786,1.861274850076267,Providence
647,Providence_William,22.4,Target_Child,225.47556102656768,5.418211776247224,Providence
648,Providence_William,23.0,Adult,6.2228109939172285,1.8282217329447712,Providence
649,Providence_William,23.0,Target_Child,169.11110560335925,5.130555928516577,Providence
650,Providence_William,23.5,Adult,6.8616654129040064,1.925950183833898,Providence
651,Providence_William,23.5,Target_Child,171.28029928025282,5.143301391595716,Providence
652,Providence_William,24.4,Adult,6.66958361255933,1.8975574310762429,Providence
653,Providence_William,24.4,Target_Child,325.765980597941,5.786179272661799,Providence
654,Providence_William,24.933333333333334,Adult,6.088825949085734,1.80645527973534,Providence
655,Providence_William,24.933333333333334,Target_Child,262.66923864778545,5.57089559294812,Providence
656,Providence_William,25.3,Adult,5.6419621274008875,1.7302318999377937,Providence
657,Providence_William,25.3,Target_Child,198.32376153484904,5.289900854544084,Providence
658,Providence_William,25.9,Adult,6.21861037167552,1.8275464688768017,Providence
659,Providence_William,25.9,Target_Child,151.06362436822377,5.01770110150244,Providence
660,Providence_William,26.3,Adult,6.6356184145204855,1.8924518683422182,Providence
661,Providence_William,26.3,Target_Child,224.27006800771457,5.4128509863785075,Providence
662,Providence_William,26.7,Adult,7.401473673459834,2.001679125445518,Providence
663,Providence_William,26.7,Target_Child,222.66209197612218,5.405655339640069,Providence
664,Providence_William,27.233333333333334,Adult,6.393337457663307,1.8552564258855104,Providence
665,Providence_William,27.233333333333334,Target_Child,238.72135236245697,5.475296982056559,Providence
666,Providence_William,27.633333333333333,Adult,6.369315805087788,1.8514920548809062,Providence
667,Providence_William,27.633333333333333,Target_Child,249.50212676919682,5.51946743928028,Providence
668,Providence_William,28.1,Adult,5.841614126942481,1.765007150250754,Providence
669,Providence_William,28.1,Target_Child,179.47055638031463,5.190011163166288,Providence
670,Providence_William,28.533333333333335,Adult,6.773573912105224,1.9130288519308758,Providence
671,Providence_William,28.533333333333335,Target_Child,294.0275974428063,5.683673631786359,Providence
672,Providence_William,29.0,Adult,6.537619352932725,1.87757308588714,Providence
673,Providence_William,29.0,Target_Child,202.12138624737707,5.308868438936588,Providence
674,Providence_William,29.533333333333335,Adult,5.8838900259202624,1.7722181122042695,Providence
675,Providence_William,29.533333333333335,Target_Child,211.4618986860254,5.354044834201105,Providence
676,Providence_William,29.966666666666665,Adult,6.510990689417442,1.8734916242763477,Providence
677,Providence_William,29.966666666666665,Target_Child,229.8522813363941,5.4374368475299075,Providence
678,Providence_William,30.4,Adult,6.419223013074202,1.8592970843767294,Providence
679,Providence_William,30.4,Target_Child,220.81019369447128,5.397303480431798,Providence
680,Providence_William,30.866666666666667,Adult,5.701467939737639,1.740723674971805,Providence
681,Providence_William,30.866666666666667,Target_Child,219.19683770385308,5.38997012843628,Providence
682,Providence_William,31.266666666666666,Adult,6.425590558800151,1.8602885423238487,Providence
683,Providence_William,31.266666666666666,Target_Child,200.85966867204814,5.302606498417124,Providence
684,Providence_William,31.866666666666667,Adult,5.922113559715572,1.7786934054015848,Providence
685,Providence_William,31.866666666666667,Target_Child,204.31216915372568,5.319649065168224,Providence
686,Providence_William,32.266666666666666,Adult,5.773078656714369,1.7532055009148484,Providence
687,Providence_William,32.266666666666666,Target_Child,281.0873725256673,5.638665555258752,Providence
688,Providence_William,32.733333333333334,Adult,7.683211088406586,2.0390375702453625,Providence
689,Providence_William,32.733333333333334,Target_Child,306.00511966428786,5.7236018327414655,Providence
690,Providence_William,35.0,Adult,6.142555657417949,1.8152408864088494,Providence
691,Providence_William,35.0,Target_Child,249.06964906281004,5.517732572463416,Providence
692,Providence_William,35.46666666666667,Adult,5.948095345805621,1.7830710583627771,Providence
693,Providence_William,35.46666666666667,Target_Child,297.8853555126042,5.696708699439403,Providence
694,Providence_William,36.36666666666667,Adult,5.976396381286828,1.7878177744941122,Providence
695,Providence_William,36.36666666666667,Target_Child,256.98799580592737,5.549029374877971,Providence
696,Providence_William,36.93333333333333,Adult,5.901268756280405,1.775167371230505,Providence
697,Providence_William,36.93333333333333,Target_Child,279.3532567700703,5.632477134222989,Providence
698,Providence_William,37.5,Adult,6.679462296234743,1.8990374897330549,Providence
699,Providence_William,37.5,Target_Child,246.37898527445594,5.506870940986731,Providence
700,Providence_William,37.833333333333336,Adult,5.895205016619314,1.7741393114370623,Providence
701,Providence_William,37.833333333333336,Target_Child,289.7113477037309,5.668885074542267,Providence
702,Providence_William,38.7,Adult,6.571635383887458,1.8827627183997007,Providence
703,Providence_William,38.7,Target_Child,289.7218322226206,5.668921263422207,Providence
704,Providence_William,39.166666666666664,Adult,5.840271265466899,1.7647772453276378,Providence
705,Providence_William,39.166666666666664,Target_Child,288.39042325532887,5.664315198393875,Providence
706,Providence_William,40.6,Adult,6.97253037995784,1.9419781976212145,Providence
707,Providence_William,40.6,Target_Child,247.04723335588133,5.509579546507666,Providence
